id,station_id,time,PM25_Concentration,PM10_Concentration,NO2_Concentration,CO_Concentration,O3_Concentration,SO2_Concentration
2976919,dongsi_aq,2018-04-28 00:00:00,59.0,172.0,96.0,0.8,8.0,5.0
2976920,tiantan_aq,2018-04-28 00:00:00,52.0,187.0,104.0,0.8,3.0,5.0
2976921,guanyuan_aq,2018-04-28 00:00:00,54.0,165.0,91.0,0.6,13.0,7.0
2976922,wanshouxigong_aq,2018-04-28 00:00:00,51.0,184.0,93.0,0.9,6.0,5.0
2976923,aotizhongxin_aq,2018-04-28 00:00:00,58.0,134.0,86.0,0.7,6.0,3.0
2976924,nongzhanguan_aq,2018-04-28 00:00:00,49.0,165.0,106.0,0.8,2.0,4.0
2976925,wanliu_aq,2018-04-28 00:00:00,46.0,172.0,84.0,0.7,13.0,45.0
2976926,beibuxinqu_aq,2018-04-28 00:00:00,41.0,141.0,65.0,0.7,9.0,2.0
2976927,zhiwuyuan_aq,2018-04-28 00:00:00,,,,,,
2976928,fengtaihuayuan_aq,2018-04-28 00:00:00,48.0,183.0,88.0,0.7,14.0,6.0
2976929,yungang_aq,2018-04-28 00:00:00,33.0,47.0,45.0,0.5,41.0,5.0
2976930,gucheng_aq,2018-04-28 00:00:00,47.0,135.0,71.0,0.6,32.0,2.0
2976931,fangshan_aq,2018-04-28 00:00:00,46.0,,87.0,0.6,20.0,3.0
2976932,daxing_aq,2018-04-28 00:00:00,60.0,191.0,103.0,0.6,2.0,11.0
2976933,yizhuang_aq,2018-04-28 00:00:00,52.0,132.0,99.0,0.8,7.0,4.0
2976934,tongzhou_aq,2018-04-28 00:00:00,63.0,160.0,88.0,0.8,13.0,8.0
2976935,shunyi_aq,2018-04-28 00:00:00,51.0,70.0,61.0,0.9,24.0,6.0
2976936,pingchang_aq,2018-04-28 00:00:00,49.0,125.0,59.0,0.5,28.0,3.0
2976937,mentougou_aq,2018-04-28 00:00:00,25.0,105.0,27.0,0.4,69.0,2.0
2976938,pinggu_aq,2018-04-28 00:00:00,44.0,96.0,34.0,0.5,68.0,3.0
2976939,huairou_aq,2018-04-28 00:00:00,34.0,95.0,17.0,0.5,53.0,2.0
2976940,miyun_aq,2018-04-28 00:00:00,44.0,144.0,69.0,0.6,19.0,2.0
2976941,yanqin_aq,2018-04-28 00:00:00,61.0,201.0,86.0,0.5,10.0,5.0
2976942,dingling_aq,2018-04-28 00:00:00,,141.0,41.0,0.6,44.0,3.0
2976943,badaling_aq,2018-04-28 00:00:00,39.0,182.0,65.0,0.4,48.0,3.0
2976944,miyunshuiku_aq,2018-04-28 00:00:00,34.0,102.0,19.0,0.4,69.0,2.0
2976945,donggaocun_aq,2018-04-28 00:00:00,46.0,87.0,29.0,0.6,80.0,11.0
2976946,yongledian_aq,2018-04-28 00:00:00,90.0,156.0,79.0,1.5,14.0,12.0
2976947,yufa_aq,2018-04-28 00:00:00,81.0,159.0,65.0,0.6,5.0,5.0
2976948,liulihe_aq,2018-04-28 00:00:00,52.0,230.0,48.0,0.5,37.0,2.0
2976949,qianmen_aq,2018-04-28 00:00:00,47.0,178.0,108.0,0.7,7.0,8.0
2976950,yongdingmennei_aq,2018-04-28 00:00:00,48.0,190.0,168.0,1.0,7.0,9.0
2976951,xizhimenbei_aq,2018-04-28 00:00:00,69.0,147.0,99.0,0.6,14.0,5.0
2976952,nansanhuan_aq,2018-04-28 00:00:00,50.0,201.0,115.0,0.7,2.0,11.0
2976953,dongsihuan_aq,2018-04-28 00:00:00,54.0,181.0,106.0,0.8,2.0,12.0
2976975,dongsi_aq,2018-04-28 01:00:00,67.0,169.0,83.0,0.6,29.0,8.0
2976976,tiantan_aq,2018-04-28 01:00:00,59.0,162.0,104.0,0.8,12.0,6.0
2976977,guanyuan_aq,2018-04-28 01:00:00,56.0,152.0,69.0,0.6,50.0,8.0
2976978,wanshouxigong_aq,2018-04-28 01:00:00,65.0,206.0,86.0,0.8,22.0,7.0
2976979,aotizhongxin_aq,2018-04-28 01:00:00,64.0,137.0,77.0,0.7,26.0,4.0
2976980,nongzhanguan_aq,2018-04-28 01:00:00,56.0,175.0,101.0,0.8,10.0,6.0
2976981,wanliu_aq,2018-04-28 01:00:00,52.0,171.0,68.0,0.7,43.0,32.0
2976982,beibuxinqu_aq,2018-04-28 01:00:00,45.0,160.0,67.0,0.7,35.0,2.0
2976983,zhiwuyuan_aq,2018-04-28 01:00:00,,,,,,
2976984,fengtaihuayuan_aq,2018-04-28 01:00:00,56.0,183.0,80.0,0.7,36.0,7.0
2976985,yungang_aq,2018-04-28 01:00:00,50.0,76.0,52.0,0.6,50.0,6.0
2976986,gucheng_aq,2018-04-28 01:00:00,53.0,138.0,64.0,0.6,49.0,3.0
2976987,fangshan_aq,2018-04-28 01:00:00,48.0,,83.0,0.6,38.0,5.0
2976988,daxing_aq,2018-04-28 01:00:00,70.0,243.0,100.0,0.5,9.0,16.0
2976989,yizhuang_aq,2018-04-28 01:00:00,59.0,158.0,109.0,0.8,21.0,9.0
2976990,tongzhou_aq,2018-04-28 01:00:00,71.0,173.0,85.0,0.8,22.0,11.0
2976991,shunyi_aq,2018-04-28 01:00:00,66.0,146.0,55.0,1.0,54.0,11.0
2976992,pingchang_aq,2018-04-28 01:00:00,56.0,115.0,57.0,0.5,42.0,4.0
2976993,mentougou_aq,2018-04-28 01:00:00,30.0,116.0,32.0,0.4,78.0,3.0
2976994,pinggu_aq,2018-04-28 01:00:00,41.0,88.0,29.0,0.5,95.0,6.0
2976995,huairou_aq,2018-04-28 01:00:00,36.0,89.0,29.0,0.6,76.0,4.0
2976996,miyun_aq,2018-04-28 01:00:00,47.0,161.0,56.0,0.6,50.0,4.0
2976997,yanqin_aq,2018-04-28 01:00:00,76.0,228.0,88.0,0.6,19.0,5.0
2976998,dingling_aq,2018-04-28 01:00:00,,138.0,37.0,0.5,64.0,3.0
2976999,badaling_aq,2018-04-28 01:00:00,46.0,174.0,42.0,0.4,80.0,4.0
2977000,miyunshuiku_aq,2018-04-28 01:00:00,42.0,109.0,30.0,0.4,68.0,2.0
2977001,donggaocun_aq,2018-04-28 01:00:00,51.0,92.0,27.0,0.5,98.0,15.0
2977002,yongledian_aq,2018-04-28 01:00:00,100.0,154.0,80.0,1.5,31.0,18.0
2977003,yufa_aq,2018-04-28 01:00:00,84.0,155.0,87.0,0.7,16.0,16.0
2977004,liulihe_aq,2018-04-28 01:00:00,53.0,226.0,46.0,0.5,53.0,3.0
2977005,qianmen_aq,2018-04-28 01:00:00,55.0,148.0,99.0,0.7,21.0,11.0
2977006,yongdingmennei_aq,2018-04-28 01:00:00,51.0,162.0,164.0,0.9,20.0,11.0
2977007,xizhimenbei_aq,2018-04-28 01:00:00,74.0,148.0,86.0,0.6,35.0,6.0
2977008,nansanhuan_aq,2018-04-28 01:00:00,55.0,175.0,110.0,0.7,11.0,10.0
2977009,dongsihuan_aq,2018-04-28 01:00:00,61.0,208.0,105.0,0.8,12.0,11.0
2977031,dongsi_aq,2018-04-28 02:00:00,72.0,164.0,74.0,0.6,50.0,8.0
2977032,tiantan_aq,2018-04-28 02:00:00,68.0,155.0,97.0,0.8,29.0,7.0
2977033,guanyuan_aq,2018-04-28 02:00:00,64.0,165.0,67.0,0.6,63.0,9.0
2977034,wanshouxigong_aq,2018-04-28 02:00:00,67.0,189.0,72.0,0.8,49.0,8.0
2977035,aotizhongxin_aq,2018-04-28 02:00:00,69.0,130.0,61.0,0.6,60.0,7.0
2977036,nongzhanguan_aq,2018-04-28 02:00:00,66.0,150.0,89.0,0.7,33.0,7.0
2977037,wanliu_aq,2018-04-28 02:00:00,50.0,157.0,54.0,0.6,76.0,8.0
2977038,beibuxinqu_aq,2018-04-28 02:00:00,47.0,181.0,62.0,0.7,57.0,3.0
2977039,zhiwuyuan_aq,2018-04-28 02:00:00,,,,,,
2977040,fengtaihuayuan_aq,2018-04-28 02:00:00,51.0,170.0,60.0,0.7,69.0,8.0
2977041,yungang_aq,2018-04-28 02:00:00,51.0,81.0,46.0,0.6,78.0,6.0
2977042,gucheng_aq,2018-04-28 02:00:00,54.0,139.0,58.0,0.6,71.0,5.0
2977043,fangshan_aq,2018-04-28 02:00:00,52.0,,81.0,0.6,56.0,7.0
2977044,daxing_aq,2018-04-28 02:00:00,65.0,220.0,101.0,0.5,21.0,17.0
2977045,yizhuang_aq,2018-04-28 02:00:00,67.0,183.0,107.0,1.0,27.0,10.0
2977046,tongzhou_aq,2018-04-28 02:00:00,75.0,204.0,85.0,0.8,37.0,12.0
2977047,shunyi_aq,2018-04-28 02:00:00,75.0,171.0,48.0,0.9,81.0,13.0
2977048,pingchang_aq,2018-04-28 02:00:00,49.0,153.0,42.0,0.5,72.0,4.0
2977049,mentougou_aq,2018-04-28 02:00:00,42.0,152.0,50.0,0.5,80.0,5.0
2977050,pinggu_aq,2018-04-28 02:00:00,51.0,100.0,27.0,0.6,123.0,18.0
2977051,huairou_aq,2018-04-28 02:00:00,52.0,121.0,31.0,0.5,95.0,6.0
2977052,miyun_aq,2018-04-28 02:00:00,55.0,150.0,43.0,0.6,95.0,7.0
2977053,yanqin_aq,2018-04-28 02:00:00,84.0,184.0,66.0,0.5,63.0,5.0
2977054,dingling_aq,2018-04-28 02:00:00,,136.0,39.0,0.5,78.0,3.0
2977055,badaling_aq,2018-04-28 02:00:00,44.0,199.0,44.0,0.5,79.0,7.0
2977056,miyunshuiku_aq,2018-04-28 02:00:00,39.0,116.0,31.0,0.4,81.0,2.0
2977057,donggaocun_aq,2018-04-28 02:00:00,60.0,120.0,42.0,0.6,79.0,15.0
2977058,yongledian_aq,2018-04-28 02:00:00,80.0,145.0,52.0,1.1,86.0,23.0
2977059,yufa_aq,2018-04-28 02:00:00,97.0,181.0,59.0,0.6,63.0,23.0
2977060,liulihe_aq,2018-04-28 02:00:00,53.0,202.0,39.0,0.5,69.0,3.0
2977061,qianmen_aq,2018-04-28 02:00:00,55.0,170.0,85.0,0.7,47.0,12.0
2977062,yongdingmennei_aq,2018-04-28 02:00:00,60.0,164.0,133.0,0.8,55.0,18.0
2977063,xizhimenbei_aq,2018-04-28 02:00:00,81.0,161.0,84.0,0.6,45.0,12.0
2977064,nansanhuan_aq,2018-04-28 02:00:00,65.0,171.0,100.0,0.7,32.0,10.0
2977065,dongsihuan_aq,2018-04-28 02:00:00,67.0,178.0,94.0,0.7,34.0,11.0
2977087,dongsi_aq,2018-04-28 03:00:00,82.0,173.0,60.0,0.6,89.0,8.0
2977088,tiantan_aq,2018-04-28 03:00:00,81.0,174.0,87.0,0.8,60.0,8.0
2977089,guanyuan_aq,2018-04-28 03:00:00,70.0,155.0,58.0,0.6,102.0,10.0
2977090,wanshouxigong_aq,2018-04-28 03:00:00,71.0,179.0,64.0,0.8,81.0,7.0
2977091,aotizhongxin_aq,2018-04-28 03:00:00,71.0,134.0,53.0,0.6,91.0,7.0
2977092,nongzhanguan_aq,2018-04-28 03:00:00,69.0,167.0,76.0,0.7,62.0,7.0
2977093,wanliu_aq,2018-04-28 03:00:00,63.0,174.0,53.0,0.7,97.0,5.0
2977094,beibuxinqu_aq,2018-04-28 03:00:00,48.0,201.0,61.0,0.7,77.0,4.0
2977095,zhiwuyuan_aq,2018-04-28 03:00:00,,,,,,
2977096,fengtaihuayuan_aq,2018-04-28 03:00:00,98.0,164.0,56.0,0.7,97.0,8.0
2977097,yungang_aq,2018-04-28 03:00:00,48.0,78.0,34.0,0.5,120.0,6.0
2977098,gucheng_aq,2018-04-28 03:00:00,59.0,138.0,52.0,0.5,98.0,5.0
2977099,fangshan_aq,2018-04-28 03:00:00,58.0,,70.0,0.6,90.0,7.0
2977100,daxing_aq,2018-04-28 03:00:00,81.0,240.0,63.0,0.6,37.0,15.0
2977101,yizhuang_aq,2018-04-28 03:00:00,74.0,184.0,104.0,1.0,51.0,12.0
2977102,tongzhou_aq,2018-04-28 03:00:00,83.0,191.0,80.0,0.8,61.0,13.0
2977103,shunyi_aq,2018-04-28 03:00:00,74.0,168.0,47.0,0.9,104.0,13.0
2977104,pingchang_aq,2018-04-28 03:00:00,50.0,161.0,32.0,0.4,101.0,5.0
2977105,mentougou_aq,2018-04-28 03:00:00,,32.0,60.0,0.6,84.0,2.0
2977106,pinggu_aq,2018-04-28 03:00:00,67.0,128.0,29.0,0.7,142.0,18.0
2977107,huairou_aq,2018-04-28 03:00:00,54.0,134.0,28.0,0.6,115.0,6.0
2977108,miyun_aq,2018-04-28 03:00:00,60.0,137.0,40.0,0.6,124.0,8.0
2977109,yanqin_aq,2018-04-28 03:00:00,68.0,183.0,54.0,0.7,75.0,10.0
2977110,dingling_aq,2018-04-28 03:00:00,,139.0,41.0,0.5,89.0,4.0
2977111,badaling_aq,2018-04-28 03:00:00,59.0,202.0,55.0,0.9,73.0,21.0
2977112,miyunshuiku_aq,2018-04-28 03:00:00,52.0,124.0,21.0,0.4,127.0,5.0
2977113,donggaocun_aq,2018-04-28 03:00:00,68.0,122.0,38.0,0.6,110.0,18.0
2977114,yongledian_aq,2018-04-28 03:00:00,87.0,154.0,42.0,1.0,120.0,25.0
2977115,yufa_aq,2018-04-28 03:00:00,107.0,187.0,41.0,0.7,107.0,22.0
2977116,liulihe_aq,2018-04-28 03:00:00,51.0,226.0,43.0,0.5,86.0,4.0
2977117,qianmen_aq,2018-04-28 03:00:00,70.0,172.0,67.0,0.7,87.0,11.0
2977118,yongdingmennei_aq,2018-04-28 03:00:00,79.0,273.0,112.0,0.9,96.0,19.0
2977119,xizhimenbei_aq,2018-04-28 03:00:00,90.0,152.0,75.0,0.7,73.0,13.0
2977120,nansanhuan_aq,2018-04-28 03:00:00,82.0,168.0,91.0,0.8,63.0,9.0
2977121,dongsihuan_aq,2018-04-28 03:00:00,72.0,183.0,102.0,0.8,45.0,12.0
2977143,dongsi_aq,2018-04-28 04:00:00,83.0,174.0,55.0,0.7,120.0,7.0
2977144,tiantan_aq,2018-04-28 04:00:00,117.0,207.0,64.0,0.9,108.0,9.0
2977145,guanyuan_aq,2018-04-28 04:00:00,85.0,158.0,59.0,0.6,127.0,8.0
2977146,wanshouxigong_aq,2018-04-28 04:00:00,92.0,205.0,60.0,1.0,110.0,7.0
2977147,aotizhongxin_aq,2018-04-28 04:00:00,78.0,134.0,54.0,0.6,115.0,7.0
2977148,nongzhanguan_aq,2018-04-28 04:00:00,85.0,188.0,75.0,0.8,89.0,6.0
2977149,wanliu_aq,2018-04-28 04:00:00,63.0,164.0,46.0,0.6,130.0,4.0
2977150,beibuxinqu_aq,2018-04-28 04:00:00,48.0,190.0,53.0,0.6,108.0,5.0
2977151,zhiwuyuan_aq,2018-04-28 04:00:00,,,,,,
2977152,fengtaihuayuan_aq,2018-04-28 04:00:00,81.0,170.0,53.0,0.8,126.0,8.0
2977153,yungang_aq,2018-04-28 04:00:00,59.0,,35.0,0.6,145.0,6.0
2977154,gucheng_aq,2018-04-28 04:00:00,58.0,126.0,45.0,0.6,133.0,6.0
2977155,fangshan_aq,2018-04-28 04:00:00,78.0,,64.0,0.7,122.0,7.0
2977156,daxing_aq,2018-04-28 04:00:00,,257.0,59.0,0.7,86.0,7.0
2977157,yizhuang_aq,2018-04-28 04:00:00,105.0,180.0,80.0,1.0,103.0,14.0
2977158,tongzhou_aq,2018-04-28 04:00:00,115.0,206.0,72.0,0.9,100.0,13.0
2977159,shunyi_aq,2018-04-28 04:00:00,79.0,152.0,48.0,0.9,128.0,13.0
2977160,pingchang_aq,2018-04-28 04:00:00,63.0,160.0,27.0,0.5,131.0,6.0
2977161,mentougou_aq,2018-04-28 04:00:00,37.0,,51.0,0.5,119.0,3.0
2977162,pinggu_aq,2018-04-28 04:00:00,107.0,164.0,26.0,0.9,178.0,19.0
2977163,huairou_aq,2018-04-28 04:00:00,,6.0,25.0,0.6,134.0,6.0
2977164,miyun_aq,2018-04-28 04:00:00,65.0,141.0,38.0,0.6,150.0,8.0
2977165,yanqin_aq,2018-04-28 04:00:00,58.0,172.0,43.0,0.7,98.0,15.0
2977166,dingling_aq,2018-04-28 04:00:00,,149.0,39.0,0.5,111.0,4.0
2977167,badaling_aq,2018-04-28 04:00:00,78.0,150.0,38.0,0.7,106.0,15.0
2977168,miyunshuiku_aq,2018-04-28 04:00:00,50.0,110.0,16.0,0.5,165.0,6.0
2977169,donggaocun_aq,2018-04-28 04:00:00,136.0,165.0,29.0,0.9,161.0,18.0
2977170,yongledian_aq,2018-04-28 04:00:00,100.0,191.0,38.0,1.1,160.0,23.0
2977171,yufa_aq,2018-04-28 04:00:00,122.0,173.0,41.0,0.8,128.0,21.0
2977172,liulihe_aq,2018-04-28 04:00:00,84.0,248.0,35.0,0.6,131.0,5.0
2977173,qianmen_aq,2018-04-28 04:00:00,92.0,217.0,68.0,0.8,115.0,11.0
2977174,yongdingmennei_aq,2018-04-28 04:00:00,107.0,208.0,109.0,1.1,130.0,20.0
2977175,xizhimenbei_aq,2018-04-28 04:00:00,86.0,142.0,67.0,0.7,102.0,11.0
2977176,nansanhuan_aq,2018-04-28 04:00:00,131.0,188.0,104.0,0.9,80.0,10.0
2977177,dongsihuan_aq,2018-04-28 04:00:00,83.0,175.0,90.0,0.8,85.0,11.0
2977219,dongsi_aq,2018-04-28 06:00:00,131.0,213.0,83.0,1.0,135.0,9.0
2977220,tiantan_aq,2018-04-28 06:00:00,126.0,203.0,79.0,1.0,125.0,11.0
2977221,guanyuan_aq,2018-04-28 06:00:00,130.0,211.0,65.0,0.9,169.0,9.0
2977222,wanshouxigong_aq,2018-04-28 06:00:00,135.0,253.0,77.0,1.2,128.0,7.0
2977223,aotizhongxin_aq,2018-04-28 06:00:00,120.0,172.0,66.0,0.7,153.0,7.0
2977224,nongzhanguan_aq,2018-04-28 06:00:00,119.0,245.0,93.0,1.0,114.0,7.0
2977225,wanliu_aq,2018-04-28 06:00:00,95.0,189.0,52.0,0.8,177.0,2.0
2977226,beibuxinqu_aq,2018-04-28 06:00:00,59.0,152.0,40.0,0.7,166.0,6.0
2977227,zhiwuyuan_aq,2018-04-28 06:00:00,,,,,,
2977228,fengtaihuayuan_aq,2018-04-28 06:00:00,122.0,219.0,56.0,1.0,163.0,9.0
2977229,yungang_aq,2018-04-28 06:00:00,97.0,187.0,46.0,0.8,173.0,8.0
2977230,gucheng_aq,2018-04-28 06:00:00,95.0,182.0,47.0,0.7,175.0,6.0
2977231,fangshan_aq,2018-04-28 06:00:00,108.0,,43.0,0.8,198.0,9.0
2977232,daxing_aq,2018-04-28 06:00:00,145.0,222.0,33.0,0.6,190.0,15.0
2977233,yizhuang_aq,2018-04-28 06:00:00,135.0,181.0,40.0,1.1,194.0,15.0
2977234,tongzhou_aq,2018-04-28 06:00:00,154.0,219.0,42.0,1.0,182.0,15.0
2977235,shunyi_aq,2018-04-28 06:00:00,81.0,187.0,40.0,0.9,186.0,11.0
2977236,pingchang_aq,2018-04-28 06:00:00,58.0,156.0,20.0,0.5,188.0,5.0
2977237,mentougou_aq,2018-04-28 06:00:00,63.0,135.0,44.0,0.6,180.0,5.0
2977238,pinggu_aq,2018-04-28 06:00:00,142.0,160.0,25.0,1.0,236.0,18.0
2977239,huairou_aq,2018-04-28 06:00:00,,153.0,26.0,0.6,172.0,7.0
2977240,miyun_aq,2018-04-28 06:00:00,79.0,139.0,32.0,0.6,193.0,8.0
2977241,yanqin_aq,2018-04-28 06:00:00,63.0,157.0,38.0,0.8,124.0,20.0
2977242,dingling_aq,2018-04-28 06:00:00,,126.0,32.0,0.5,162.0,5.0
2977243,badaling_aq,2018-04-28 06:00:00,36.0,95.0,24.0,0.4,151.0,9.0
2977244,miyunshuiku_aq,2018-04-28 06:00:00,61.0,144.0,17.0,0.5,213.0,6.0
2977245,donggaocun_aq,2018-04-28 06:00:00,153.0,,24.0,0.9,203.0,17.0
2977246,yongledian_aq,2018-04-28 06:00:00,146.0,204.0,29.0,1.4,256.0,21.0
2977247,yufa_aq,2018-04-28 06:00:00,165.0,212.0,26.0,0.9,198.0,19.0
2977248,liulihe_aq,2018-04-28 06:00:00,102.0,192.0,20.0,0.7,,
2977249,qianmen_aq,2018-04-28 06:00:00,132.0,242.0,104.0,1.0,118.0,13.0
2977250,yongdingmennei_aq,2018-04-28 06:00:00,135.0,226.0,,1.3,145.0,21.0
2977251,xizhimenbei_aq,2018-04-28 06:00:00,134.0,251.0,100.0,1.0,117.0,13.0
2977252,nansanhuan_aq,2018-04-28 06:00:00,159.0,210.0,116.0,1.1,110.0,11.0
2977253,dongsihuan_aq,2018-04-28 06:00:00,145.0,196.0,115.0,1.1,101.0,10.0
2977275,dongsi_aq,2018-04-28 07:00:00,147.0,208.0,57.0,0.9,196.0,12.0
2977276,tiantan_aq,2018-04-28 07:00:00,129.0,212.0,42.0,1.0,193.0,13.0
2977277,guanyuan_aq,2018-04-28 07:00:00,136.0,209.0,62.0,0.9,198.0,12.0
2977278,wanshouxigong_aq,2018-04-28 07:00:00,136.0,240.0,49.0,1.2,188.0,10.0
2977279,aotizhongxin_aq,2018-04-28 07:00:00,136.0,190.0,77.0,0.7,157.0,9.0
2977280,nongzhanguan_aq,2018-04-28 07:00:00,141.0,243.0,59.0,0.9,180.0,10.0
2977281,wanliu_aq,2018-04-28 07:00:00,113.0,221.0,61.0,1.0,181.0,2.0
2977282,beibuxinqu_aq,2018-04-28 07:00:00,73.0,161.0,52.0,0.8,185.0,6.0
2977283,zhiwuyuan_aq,2018-04-28 07:00:00,,,,,,
2977284,fengtaihuayuan_aq,2018-04-28 07:00:00,134.0,209.0,41.0,0.9,207.0,11.0
2977285,yungang_aq,2018-04-28 07:00:00,97.0,160.0,29.0,0.8,224.0,9.0
2977286,gucheng_aq,2018-04-28 07:00:00,128.0,202.0,50.0,0.9,192.0,7.0
2977287,fangshan_aq,2018-04-28 07:00:00,111.0,,27.0,0.8,246.0,9.0
2977288,daxing_aq,2018-04-28 07:00:00,143.0,204.0,23.0,0.6,232.0,14.0
2977289,yizhuang_aq,2018-04-28 07:00:00,139.0,172.0,32.0,1.1,232.0,15.0
2977290,tongzhou_aq,2018-04-28 07:00:00,171.0,218.0,25.0,1.1,239.0,16.0
2977291,shunyi_aq,2018-04-28 07:00:00,132.0,259.0,62.0,1.2,185.0,13.0
2977292,pingchang_aq,2018-04-28 07:00:00,65.0,163.0,25.0,0.5,204.0,5.0
2977293,mentougou_aq,2018-04-28 07:00:00,79.0,148.0,53.0,0.7,180.0,6.0
2977294,pinggu_aq,2018-04-28 07:00:00,142.0,,25.0,1.0,260.0,17.0
2977295,huairou_aq,2018-04-28 07:00:00,70.0,159.0,32.0,0.5,183.0,6.0
2977296,miyun_aq,2018-04-28 07:00:00,90.0,159.0,34.0,0.7,216.0,7.0
2977297,yanqin_aq,2018-04-28 07:00:00,52.0,152.0,30.0,0.6,160.0,10.0
2977298,dingling_aq,2018-04-28 07:00:00,68.0,154.0,34.0,0.5,182.0,6.0
2977299,badaling_aq,2018-04-28 07:00:00,31.0,145.0,31.0,0.4,157.0,6.0
2977300,miyunshuiku_aq,2018-04-28 07:00:00,69.0,145.0,18.0,0.5,224.0,6.0
2977301,donggaocun_aq,2018-04-28 07:00:00,133.0,135.0,25.0,0.9,241.0,18.0
2977302,yongledian_aq,2018-04-28 07:00:00,151.0,214.0,29.0,1.5,284.0,20.0
2977303,yufa_aq,2018-04-28 07:00:00,161.0,176.0,21.0,0.9,223.0,18.0
2977304,liulihe_aq,2018-04-28 07:00:00,101.0,176.0,18.0,0.7,228.0,
2977305,qianmen_aq,2018-04-28 07:00:00,141.0,246.0,73.0,1.0,179.0,16.0
2977306,yongdingmennei_aq,2018-04-28 07:00:00,140.0,218.0,95.0,1.4,230.0,25.0
2977307,xizhimenbei_aq,2018-04-28 07:00:00,167.0,211.0,103.0,1.1,130.0,15.0
2977308,nansanhuan_aq,2018-04-28 07:00:00,155.0,190.0,89.0,1.0,168.0,12.0
2977309,dongsihuan_aq,2018-04-28 07:00:00,149.0,195.0,92.0,1.1,158.0,13.0
2977331,dongsi_aq,2018-04-28 08:00:00,150.0,205.0,33.0,0.9,259.0,12.0
2977332,tiantan_aq,2018-04-28 08:00:00,129.0,186.0,26.0,0.9,231.0,14.0
2977333,guanyuan_aq,2018-04-28 08:00:00,149.0,209.0,47.0,0.8,,12.0
2977334,wanshouxigong_aq,2018-04-28 08:00:00,137.0,225.0,35.0,1.2,231.0,9.0
2977335,aotizhongxin_aq,2018-04-28 08:00:00,141.0,192.0,48.0,0.7,230.0,11.0
2977336,nongzhanguan_aq,2018-04-28 08:00:00,140.0,233.0,39.0,0.9,229.0,9.0
2977337,wanliu_aq,2018-04-28 08:00:00,121.0,221.0,46.0,1.4,227.0,2.0
2977338,beibuxinqu_aq,2018-04-28 08:00:00,93.0,217.0,47.0,0.9,195.0,7.0
2977339,zhiwuyuan_aq,2018-04-28 08:00:00,,,,,,
2977340,fengtaihuayuan_aq,2018-04-28 08:00:00,122.0,195.0,26.0,0.9,249.0,11.0
2977341,yungang_aq,2018-04-28 08:00:00,101.0,155.0,18.0,0.8,269.0,10.0
2977342,gucheng_aq,2018-04-28 08:00:00,125.0,172.0,33.0,0.8,239.0,8.0
2977343,fangshan_aq,2018-04-28 08:00:00,103.0,,25.0,0.8,270.0,9.0
2977344,daxing_aq,2018-04-28 08:00:00,135.0,194.0,23.0,0.6,242.0,14.0
2977345,yizhuang_aq,2018-04-28 08:00:00,128.0,173.0,31.0,1.0,258.0,16.0
2977346,tongzhou_aq,2018-04-28 08:00:00,151.0,191.0,23.0,1.0,262.0,16.0
2977347,shunyi_aq,2018-04-28 08:00:00,150.0,157.0,43.0,1.3,242.0,14.0
2977348,pingchang_aq,2018-04-28 08:00:00,93.0,175.0,36.0,0.6,220.0,5.0
2977349,mentougou_aq,2018-04-28 08:00:00,94.0,162.0,44.0,0.8,220.0,7.0
2977350,pinggu_aq,2018-04-28 08:00:00,126.0,152.0,29.0,0.9,303.0,17.0
2977351,huairou_aq,2018-04-28 08:00:00,75.0,167.0,47.0,0.6,178.0,8.0
2977352,miyun_aq,2018-04-28 08:00:00,121.0,182.0,36.0,0.9,264.0,9.0
2977353,yanqin_aq,2018-04-28 08:00:00,50.0,170.0,26.0,0.5,185.0,5.0
2977354,dingling_aq,2018-04-28 08:00:00,74.0,143.0,40.0,0.6,194.0,5.0
2977355,badaling_aq,2018-04-28 08:00:00,43.0,191.0,34.0,0.4,177.0,4.0
2977356,miyunshuiku_aq,2018-04-28 08:00:00,84.0,171.0,20.0,0.6,246.0,6.0
2977357,donggaocun_aq,2018-04-28 08:00:00,130.0,142.0,26.0,0.9,260.0,15.0
2977358,yongledian_aq,2018-04-28 08:00:00,146.0,177.0,26.0,1.4,292.0,18.0
2977359,yufa_aq,2018-04-28 08:00:00,164.0,201.0,22.0,0.9,236.0,18.0
2977360,liulihe_aq,2018-04-28 08:00:00,111.0,220.0,,0.7,246.0,12.0
2977361,qianmen_aq,2018-04-28 08:00:00,144.0,198.0,53.0,1.0,232.0,15.0
2977362,yongdingmennei_aq,2018-04-28 08:00:00,133.0,182.0,67.0,1.4,273.0,22.0
2977363,xizhimenbei_aq,2018-04-28 08:00:00,170.0,196.0,79.0,1.0,177.0,16.0
2977364,nansanhuan_aq,2018-04-28 08:00:00,139.0,180.0,85.0,1.0,189.0,11.0
2977365,dongsihuan_aq,2018-04-28 08:00:00,146.0,175.0,62.0,1.1,213.0,13.0
2977387,dongsi_aq,2018-04-28 09:00:00,131.0,164.0,31.0,0.9,271.0,12.0
2977388,tiantan_aq,2018-04-28 09:00:00,114.0,160.0,25.0,0.9,236.0,13.0
2977389,guanyuan_aq,2018-04-28 09:00:00,138.0,168.0,44.0,0.8,,11.0
2977390,wanshouxigong_aq,2018-04-28 09:00:00,114.0,171.0,30.0,1.1,229.0,8.0
2977391,aotizhongxin_aq,2018-04-28 09:00:00,137.0,164.0,39.0,0.6,259.0,9.0
2977392,nongzhanguan_aq,2018-04-28 09:00:00,138.0,186.0,38.0,0.9,240.0,10.0
2977393,wanliu_aq,2018-04-28 09:00:00,113.0,184.0,32.0,0.8,245.0,2.0
2977394,beibuxinqu_aq,2018-04-28 09:00:00,103.0,234.0,35.0,0.9,232.0,7.0
2977395,zhiwuyuan_aq,2018-04-28 09:00:00,,,,,,
2977396,fengtaihuayuan_aq,2018-04-28 09:00:00,103.0,148.0,21.0,0.9,246.0,10.0
2977397,yungang_aq,2018-04-28 09:00:00,103.0,166.0,21.0,0.8,283.0,10.0
2977398,gucheng_aq,2018-04-28 09:00:00,115.0,161.0,30.0,0.8,256.0,8.0
2977399,fangshan_aq,2018-04-28 09:00:00,102.0,,27.0,0.8,271.0,9.0
2977400,daxing_aq,2018-04-28 09:00:00,124.0,190.0,20.0,0.6,243.0,16.0
2977401,yizhuang_aq,2018-04-28 09:00:00,123.0,175.0,30.0,1.1,267.0,12.0
2977402,tongzhou_aq,2018-04-28 09:00:00,144.0,185.0,25.0,1.0,268.0,14.0
2977403,shunyi_aq,2018-04-28 09:00:00,174.0,,31.0,1.4,288.0,16.0
2977404,pingchang_aq,2018-04-28 09:00:00,113.0,212.0,50.0,0.8,211.0,6.0
2977405,mentougou_aq,2018-04-28 09:00:00,90.0,163.0,41.0,0.8,254.0,7.0
2977406,pinggu_aq,2018-04-28 09:00:00,128.0,155.0,28.0,1.0,298.0,15.0
2977407,huairou_aq,2018-04-28 09:00:00,92.0,236.0,66.0,0.8,171.0,9.0
2977408,miyun_aq,2018-04-28 09:00:00,149.0,209.0,37.0,1.0,282.0,9.0
2977409,yanqin_aq,2018-04-28 09:00:00,59.0,179.0,31.0,0.5,197.0,4.0
2977410,dingling_aq,2018-04-28 09:00:00,108.0,187.0,51.0,0.8,203.0,6.0
2977411,badaling_aq,2018-04-28 09:00:00,51.0,228.0,38.0,0.5,195.0,4.0
2977412,miyunshuiku_aq,2018-04-28 09:00:00,130.0,222.0,24.0,0.9,280.0,8.0
2977413,donggaocun_aq,2018-04-28 09:00:00,153.0,,24.0,1.0,267.0,14.0
2977414,yongledian_aq,2018-04-28 09:00:00,141.0,201.0,33.0,1.5,303.0,18.0
2977415,yufa_aq,2018-04-28 09:00:00,186.0,222.0,25.0,0.9,259.0,18.0
2977416,liulihe_aq,2018-04-28 09:00:00,130.0,238.0,18.0,0.8,237.0,12.0
2977417,qianmen_aq,2018-04-28 09:00:00,128.0,183.0,61.0,0.9,226.0,15.0
2977418,yongdingmennei_aq,2018-04-28 09:00:00,124.0,165.0,66.0,1.3,281.0,20.0
2977419,xizhimenbei_aq,2018-04-28 09:00:00,153.0,162.0,65.0,1.0,204.0,14.0
2977420,nansanhuan_aq,2018-04-28 09:00:00,113.0,157.0,86.0,1.0,193.0,11.0
2977421,dongsihuan_aq,2018-04-28 09:00:00,131.0,176.0,49.0,1.0,235.0,15.0
2977443,dongsi_aq,2018-04-28 10:00:00,126.0,176.0,31.0,0.9,257.0,13.0
2977444,tiantan_aq,2018-04-28 10:00:00,111.0,181.0,27.0,0.9,216.0,12.0
2977445,guanyuan_aq,2018-04-28 10:00:00,135.0,175.0,40.0,0.8,,13.0
2977446,wanshouxigong_aq,2018-04-28 10:00:00,119.0,200.0,29.0,1.1,227.0,10.0
2977447,aotizhongxin_aq,2018-04-28 10:00:00,114.0,143.0,40.0,0.6,245.0,10.0
2977448,nongzhanguan_aq,2018-04-28 10:00:00,122.0,204.0,40.0,0.9,230.0,10.0
2977449,wanliu_aq,2018-04-28 10:00:00,97.0,188.0,35.0,0.8,241.0,2.0
2977450,beibuxinqu_aq,2018-04-28 10:00:00,94.0,217.0,31.0,0.9,243.0,7.0
2977451,zhiwuyuan_aq,2018-04-28 10:00:00,,,,,,
2977452,fengtaihuayuan_aq,2018-04-28 10:00:00,127.0,191.0,27.0,0.9,248.0,12.0
2977453,yungang_aq,2018-04-28 10:00:00,100.0,169.0,23.0,0.8,266.0,11.0
2977454,gucheng_aq,2018-04-28 10:00:00,125.0,179.0,39.0,0.8,250.0,7.0
2977455,fangshan_aq,2018-04-28 10:00:00,112.0,,28.0,0.9,262.0,9.0
2977456,daxing_aq,2018-04-28 10:00:00,125.0,202.0,27.0,0.6,233.0,15.0
2977457,yizhuang_aq,2018-04-28 10:00:00,115.0,153.0,28.0,1.0,257.0,9.0
2977458,tongzhou_aq,2018-04-28 10:00:00,143.0,195.0,26.0,1.0,265.0,12.0
2977459,shunyi_aq,2018-04-28 10:00:00,154.0,195.0,35.0,1.4,287.0,16.0
2977460,pingchang_aq,2018-04-28 10:00:00,117.0,220.0,39.0,0.8,234.0,8.0
2977461,mentougou_aq,2018-04-28 10:00:00,90.0,175.0,47.0,0.8,250.0,7.0
2977462,pinggu_aq,2018-04-28 10:00:00,,162.0,30.0,1.1,310.0,13.0
2977463,huairou_aq,2018-04-28 10:00:00,119.0,278.0,48.0,1.1,238.0,10.0
2977464,miyun_aq,2018-04-28 10:00:00,164.0,223.0,47.0,1.1,271.0,8.0
2977465,yanqin_aq,2018-04-28 10:00:00,78.0,170.0,40.0,0.6,211.0,5.0
2977466,dingling_aq,2018-04-28 10:00:00,119.0,228.0,71.0,0.9,184.0,6.0
2977467,badaling_aq,2018-04-28 10:00:00,65.0,223.0,42.0,0.5,213.0,4.0
2977468,miyunshuiku_aq,2018-04-28 10:00:00,149.0,223.0,23.0,0.9,284.0,8.0
2977469,donggaocun_aq,2018-04-28 10:00:00,156.0,,25.0,1.1,272.0,15.0
2977470,yongledian_aq,2018-04-28 10:00:00,145.0,225.0,35.0,1.5,297.0,17.0
2977471,yufa_aq,2018-04-28 10:00:00,175.0,179.0,22.0,0.9,237.0,20.0
2977472,liulihe_aq,2018-04-28 10:00:00,148.0,259.0,22.0,0.8,244.0,10.0
2977473,qianmen_aq,2018-04-28 10:00:00,119.0,188.0,50.0,1.0,227.0,16.0
2977474,yongdingmennei_aq,2018-04-28 10:00:00,118.0,176.0,59.0,1.3,273.0,25.0
2977475,xizhimenbei_aq,2018-04-28 10:00:00,138.0,178.0,66.0,0.9,194.0,13.0
2977476,nansanhuan_aq,2018-04-28 10:00:00,108.0,153.0,83.0,0.9,180.0,14.0
2977477,dongsihuan_aq,2018-04-28 10:00:00,112.0,192.0,46.0,0.9,230.0,12.0
2977499,dongsi_aq,2018-04-28 11:00:00,130.0,202.0,34.0,0.9,238.0,16.0
2977500,tiantan_aq,2018-04-28 11:00:00,109.0,162.0,29.0,0.9,204.0,9.0
2977501,guanyuan_aq,2018-04-28 11:00:00,132.0,184.0,48.0,0.9,227.0,15.0
2977502,wanshouxigong_aq,2018-04-28 11:00:00,123.0,211.0,34.0,1.1,212.0,11.0
2977503,aotizhongxin_aq,2018-04-28 11:00:00,117.0,155.0,43.0,0.6,233.0,13.0
2977504,nongzhanguan_aq,2018-04-28 11:00:00,123.0,220.0,46.0,1.0,208.0,11.0
2977505,wanliu_aq,2018-04-28 11:00:00,124.0,251.0,42.0,0.9,225.0,2.0
2977506,beibuxinqu_aq,2018-04-28 11:00:00,86.0,203.0,35.0,0.9,230.0,5.0
2977507,zhiwuyuan_aq,2018-04-28 11:00:00,,,,,,
2977508,fengtaihuayuan_aq,2018-04-28 11:00:00,128.0,197.0,37.0,1.0,229.0,11.0
2977509,yungang_aq,2018-04-28 11:00:00,118.0,178.0,23.0,0.9,248.0,10.0
2977510,gucheng_aq,2018-04-28 11:00:00,130.0,198.0,44.0,0.9,225.0,5.0
2977511,fangshan_aq,2018-04-28 11:00:00,119.0,,31.0,0.9,247.0,7.0
2977512,daxing_aq,2018-04-28 11:00:00,139.0,209.0,31.0,0.7,227.0,11.0
2977513,yizhuang_aq,2018-04-28 11:00:00,122.0,172.0,40.0,1.0,244.0,7.0
2977514,tongzhou_aq,2018-04-28 11:00:00,133.0,217.0,35.0,1.0,251.0,12.0
2977515,shunyi_aq,2018-04-28 11:00:00,144.0,189.0,42.0,1.3,267.0,14.0
2977516,pingchang_aq,2018-04-28 11:00:00,103.0,169.0,31.0,0.7,235.0,8.0
2977517,mentougou_aq,2018-04-28 11:00:00,103.0,187.0,54.0,0.9,229.0,8.0
2977518,pinggu_aq,2018-04-28 11:00:00,78.0,172.0,32.0,1.3,288.0,11.0
2977519,huairou_aq,2018-04-28 11:00:00,156.0,248.0,45.0,1.1,235.0,9.0
2977520,miyun_aq,2018-04-28 11:00:00,153.0,206.0,39.0,1.2,279.0,8.0
2977521,yanqin_aq,2018-04-28 11:00:00,100.0,191.0,52.0,0.8,197.0,6.0
2977522,dingling_aq,2018-04-28 11:00:00,121.0,218.0,67.0,1.0,160.0,5.0
2977523,badaling_aq,2018-04-28 11:00:00,84.0,231.0,44.0,0.7,218.0,5.0
2977524,miyunshuiku_aq,2018-04-28 11:00:00,157.0,205.0,22.0,1.0,276.0,8.0
2977525,donggaocun_aq,2018-04-28 11:00:00,149.0,,25.0,1.1,224.0,11.0
2977526,yongledian_aq,2018-04-28 11:00:00,154.0,227.0,35.0,1.3,276.0,14.0
2977527,yufa_aq,2018-04-28 11:00:00,193.0,234.0,25.0,0.9,203.0,12.0
2977528,liulihe_aq,2018-04-28 11:00:00,185.0,306.0,44.0,0.9,217.0,10.0
2977529,qianmen_aq,2018-04-28 11:00:00,137.0,250.0,54.0,1.0,212.0,16.0
2977530,yongdingmennei_aq,2018-04-28 11:00:00,126.0,219.0,72.0,1.2,253.0,19.0
2977531,xizhimenbei_aq,2018-04-28 11:00:00,153.0,200.0,88.0,1.1,168.0,12.0
2977532,nansanhuan_aq,2018-04-28 11:00:00,119.0,186.0,104.0,1.0,158.0,14.0
2977533,dongsihuan_aq,2018-04-28 11:00:00,115.0,178.0,53.0,0.9,214.0,12.0
2977555,dongsi_aq,2018-04-28 12:00:00,142.0,204.0,34.0,1.0,,15.0
2977556,tiantan_aq,2018-04-28 12:00:00,129.0,188.0,32.0,1.0,191.0,8.0
2977557,guanyuan_aq,2018-04-28 12:00:00,153.0,218.0,38.0,0.9,234.0,15.0
2977558,wanshouxigong_aq,2018-04-28 12:00:00,143.0,229.0,37.0,1.2,197.0,9.0
2977559,aotizhongxin_aq,2018-04-28 12:00:00,134.0,184.0,41.0,0.7,229.0,12.0
2977560,nongzhanguan_aq,2018-04-28 12:00:00,134.0,241.0,47.0,1.1,199.0,11.0
2977561,wanliu_aq,2018-04-28 12:00:00,130.0,226.0,43.0,1.1,209.0,2.0
2977562,beibuxinqu_aq,2018-04-28 12:00:00,90.0,260.0,35.0,1.0,199.0,5.0
2977563,zhiwuyuan_aq,2018-04-28 12:00:00,,,,,,
2977564,fengtaihuayuan_aq,2018-04-28 12:00:00,155.0,206.0,51.0,1.1,196.0,10.0
2977565,yungang_aq,2018-04-28 12:00:00,142.0,185.0,29.0,0.9,221.0,8.0
2977566,gucheng_aq,2018-04-28 12:00:00,148.0,193.0,43.0,0.9,212.0,4.0
2977567,fangshan_aq,2018-04-28 12:00:00,144.0,,42.0,1.0,223.0,6.0
2977568,daxing_aq,2018-04-28 12:00:00,150.0,202.0,33.0,0.7,210.0,8.0
2977569,yizhuang_aq,2018-04-28 12:00:00,136.0,177.0,47.0,1.1,202.0,6.0
2977570,tongzhou_aq,2018-04-28 12:00:00,147.0,221.0,41.0,1.0,220.0,13.0
2977571,shunyi_aq,2018-04-28 12:00:00,140.0,194.0,55.0,1.3,223.0,13.0
2977572,pingchang_aq,2018-04-28 12:00:00,105.0,213.0,39.0,0.8,210.0,8.0
2977573,mentougou_aq,2018-04-28 12:00:00,132.0,201.0,63.0,1.0,188.0,6.0
2977574,pinggu_aq,2018-04-28 12:00:00,166.0,179.0,46.0,1.4,233.0,8.0
2977575,huairou_aq,2018-04-28 12:00:00,155.0,248.0,47.0,1.0,211.0,7.0
2977576,miyun_aq,2018-04-28 12:00:00,159.0,201.0,38.0,1.2,275.0,6.0
2977577,yanqin_aq,2018-04-28 12:00:00,121.0,206.0,54.0,0.8,181.0,5.0
2977578,dingling_aq,2018-04-28 12:00:00,102.0,159.0,53.0,0.9,128.0,3.0
2977579,badaling_aq,2018-04-28 12:00:00,111.0,213.0,49.0,0.7,213.0,5.0
2977580,miyunshuiku_aq,2018-04-28 12:00:00,154.0,192.0,24.0,1.0,272.0,7.0
2977581,donggaocun_aq,2018-04-28 12:00:00,175.0,,27.0,1.1,232.0,10.0
2977582,yongledian_aq,2018-04-28 12:00:00,158.0,207.0,38.0,1.3,240.0,12.0
2977583,yufa_aq,2018-04-28 12:00:00,197.0,217.0,40.0,1.0,169.0,7.0
2977584,liulihe_aq,2018-04-28 12:00:00,205.0,335.0,57.0,1.0,166.0,4.0
2977585,qianmen_aq,2018-04-28 12:00:00,150.0,235.0,59.0,1.1,198.0,15.0
2977586,yongdingmennei_aq,2018-04-28 12:00:00,139.0,203.0,74.0,1.2,234.0,12.0
2977587,xizhimenbei_aq,2018-04-28 12:00:00,170.0,231.0,92.0,1.1,166.0,10.0
2977588,nansanhuan_aq,2018-04-28 12:00:00,143.0,218.0,116.0,1.1,131.0,13.0
2977589,dongsihuan_aq,2018-04-28 12:00:00,147.0,182.0,46.0,1.0,215.0,14.0
2977611,dongsi_aq,2018-04-28 13:00:00,167.0,219.0,41.0,1.1,,16.0
2977612,tiantan_aq,2018-04-28 13:00:00,155.0,196.0,38.0,1.1,2.0,7.0
2977613,guanyuan_aq,2018-04-28 13:00:00,183.0,237.0,42.0,1.0,228.0,16.0
2977614,wanshouxigong_aq,2018-04-28 13:00:00,168.0,245.0,41.0,1.3,183.0,8.0
2977615,aotizhongxin_aq,2018-04-28 13:00:00,154.0,193.0,48.0,0.8,210.0,11.0
2977616,nongzhanguan_aq,2018-04-28 13:00:00,149.0,232.0,46.0,1.1,195.0,12.0
2977617,wanliu_aq,2018-04-28 13:00:00,159.0,245.0,55.0,1.2,187.0,2.0
2977618,beibuxinqu_aq,2018-04-28 13:00:00,108.0,274.0,34.0,1.1,134.0,2.0
2977619,zhiwuyuan_aq,2018-04-28 13:00:00,,,,,,
2977620,fengtaihuayuan_aq,2018-04-28 13:00:00,182.0,248.0,62.0,1.2,174.0,9.0
2977621,yungang_aq,2018-04-28 13:00:00,179.0,219.0,34.0,1.1,200.0,7.0
2977622,gucheng_aq,2018-04-28 13:00:00,181.0,221.0,47.0,1.0,193.0,4.0
2977623,fangshan_aq,2018-04-28 13:00:00,178.0,,58.0,1.2,196.0,6.0
2977624,daxing_aq,2018-04-28 13:00:00,177.0,237.0,30.0,0.8,217.0,9.0
2977625,yizhuang_aq,2018-04-28 13:00:00,150.0,199.0,75.0,1.2,145.0,5.0
2977626,tongzhou_aq,2018-04-28 13:00:00,151.0,213.0,46.0,1.1,190.0,13.0
2977627,shunyi_aq,2018-04-28 13:00:00,146.0,244.0,67.0,1.3,175.0,12.0
2977628,pingchang_aq,2018-04-28 13:00:00,125.0,226.0,31.0,0.9,186.0,8.0
2977629,mentougou_aq,2018-04-28 13:00:00,144.0,212.0,52.0,1.0,201.0,7.0
2977630,pinggu_aq,2018-04-28 13:00:00,173.0,,38.0,1.3,186.0,5.0
2977631,huairou_aq,2018-04-28 13:00:00,160.0,254.0,53.0,1.1,175.0,5.0
2977632,miyun_aq,2018-04-28 13:00:00,174.0,213.0,52.0,1.4,223.0,4.0
2977633,yanqin_aq,2018-04-28 13:00:00,123.0,206.0,39.0,0.8,202.0,7.0
2977634,dingling_aq,2018-04-28 13:00:00,99.0,143.0,45.0,0.9,132.0,2.0
2977635,badaling_aq,2018-04-28 13:00:00,123.0,232.0,71.0,0.8,188.0,4.0
2977636,miyunshuiku_aq,2018-04-28 13:00:00,162.0,187.0,23.0,1.0,254.0,5.0
2977637,donggaocun_aq,2018-04-28 13:00:00,189.0,,26.0,1.4,264.0,12.0
2977638,yongledian_aq,2018-04-28 13:00:00,162.0,223.0,51.0,1.3,194.0,11.0
2977639,yufa_aq,2018-04-28 13:00:00,203.0,225.0,44.0,1.0,146.0,6.0
2977640,liulihe_aq,2018-04-28 13:00:00,217.0,324.0,38.0,1.0,141.0,2.0
2977641,qianmen_aq,2018-04-28 13:00:00,177.0,270.0,65.0,1.2,190.0,15.0
2977642,yongdingmennei_aq,2018-04-28 13:00:00,173.0,243.0,82.0,1.3,226.0,16.0
2977643,xizhimenbei_aq,2018-04-28 13:00:00,205.0,250.0,88.0,1.2,159.0,9.0
2977644,nansanhuan_aq,2018-04-28 13:00:00,176.0,228.0,120.0,1.2,118.0,13.0
2977645,dongsihuan_aq,2018-04-28 13:00:00,168.0,198.0,50.0,1.0,202.0,15.0
2977667,dongsi_aq,2018-04-28 14:00:00,188.0,248.0,41.0,1.2,205.0,17.0
2977668,tiantan_aq,2018-04-28 14:00:00,181.0,222.0,42.0,1.2,170.0,7.0
2977669,guanyuan_aq,2018-04-28 14:00:00,205.0,256.0,42.0,1.0,230.0,16.0
2977670,wanshouxigong_aq,2018-04-28 14:00:00,187.0,279.0,43.0,1.3,170.0,7.0
2977671,aotizhongxin_aq,2018-04-28 14:00:00,182.0,210.0,55.0,0.9,198.0,10.0
2977672,nongzhanguan_aq,2018-04-28 14:00:00,177.0,264.0,50.0,1.2,192.0,12.0
2977673,wanliu_aq,2018-04-28 14:00:00,182.0,268.0,72.0,1.3,151.0,2.0
2977674,beibuxinqu_aq,2018-04-28 14:00:00,114.0,234.0,82.0,1.1,84.0,2.0
2977675,zhiwuyuan_aq,2018-04-28 14:00:00,,,,,,
2977676,fengtaihuayuan_aq,2018-04-28 14:00:00,210.0,283.0,86.0,1.3,139.0,10.0
2977677,yungang_aq,2018-04-28 14:00:00,182.0,238.0,31.0,1.1,193.0,7.0
2977678,gucheng_aq,2018-04-28 14:00:00,204.0,229.0,47.0,1.0,186.0,4.0
2977679,fangshan_aq,2018-04-28 14:00:00,201.0,,50.0,1.2,194.0,7.0
2977680,daxing_aq,2018-04-28 14:00:00,200.0,264.0,28.0,0.9,215.0,11.0
2977681,yizhuang_aq,2018-04-28 14:00:00,171.0,224.0,68.0,1.3,155.0,4.0
2977682,tongzhou_aq,2018-04-28 14:00:00,160.0,228.0,59.0,1.1,155.0,12.0
2977683,shunyi_aq,2018-04-28 14:00:00,168.0,273.0,95.0,1.5,101.0,9.0
2977684,pingchang_aq,2018-04-28 14:00:00,141.0,210.0,33.0,0.9,166.0,7.0
2977685,mentougou_aq,2018-04-28 14:00:00,142.0,222.0,99.0,1.2,100.0,5.0
2977686,pinggu_aq,2018-04-28 14:00:00,149.0,,29.0,1.2,175.0,4.0
2977687,huairou_aq,2018-04-28 14:00:00,174.0,261.0,51.0,1.3,101.0,3.0
2977688,miyun_aq,2018-04-28 14:00:00,181.0,210.0,66.0,1.5,180.0,3.0
2977689,yanqin_aq,2018-04-28 14:00:00,138.0,206.0,31.0,0.9,198.0,8.0
2977690,dingling_aq,2018-04-28 14:00:00,110.0,160.0,40.0,0.9,126.0,2.0
2977691,badaling_aq,2018-04-28 14:00:00,117.0,218.0,54.0,0.8,188.0,4.0
2977692,miyunshuiku_aq,2018-04-28 14:00:00,164.0,166.0,20.0,1.0,232.0,3.0
2977693,donggaocun_aq,2018-04-28 14:00:00,183.0,,23.0,1.2,258.0,13.0
2977694,yongledian_aq,2018-04-28 14:00:00,172.0,235.0,178.0,1.4,20.0,4.0
2977695,yufa_aq,2018-04-28 14:00:00,229.0,,44.0,1.1,159.0,7.0
2977696,liulihe_aq,2018-04-28 14:00:00,182.0,236.0,39.0,0.9,120.0,2.0
2977697,qianmen_aq,2018-04-28 14:00:00,197.0,298.0,64.0,1.2,177.0,14.0
2977698,yongdingmennei_aq,2018-04-28 14:00:00,201.0,256.0,91.0,1.5,206.0,17.0
2977699,xizhimenbei_aq,2018-04-28 14:00:00,238.0,259.0,82.0,1.2,160.0,9.0
2977700,nansanhuan_aq,2018-04-28 14:00:00,209.0,262.0,93.0,1.2,129.0,13.0
2977701,dongsihuan_aq,2018-04-28 14:00:00,200.0,213.0,47.0,1.1,209.0,15.0
2977723,dongsi_aq,2018-04-28 15:00:00,209.0,258.0,48.0,1.3,193.0,20.0
2977724,tiantan_aq,2018-04-28 15:00:00,197.0,228.0,44.0,1.3,149.0,6.0
2977725,guanyuan_aq,2018-04-28 15:00:00,209.0,247.0,45.0,1.2,201.0,13.0
2977726,wanshouxigong_aq,2018-04-28 15:00:00,200.0,279.0,43.0,1.4,166.0,7.0
2977727,aotizhongxin_aq,2018-04-28 15:00:00,195.0,217.0,49.0,1.0,197.0,9.0
2977728,nongzhanguan_aq,2018-04-28 15:00:00,190.0,272.0,51.0,1.4,180.0,14.0
2977729,wanliu_aq,2018-04-28 15:00:00,199.0,262.0,62.0,1.3,147.0,2.0
2977730,beibuxinqu_aq,2018-04-28 15:00:00,109.0,227.0,67.0,1.2,61.0,2.0
2977731,zhiwuyuan_aq,2018-04-28 15:00:00,,,,,,
2977732,fengtaihuayuan_aq,2018-04-28 15:00:00,227.0,295.0,84.0,1.3,133.0,10.0
2977733,yungang_aq,2018-04-28 15:00:00,191.0,226.0,34.0,1.1,160.0,5.0
2977734,gucheng_aq,2018-04-28 15:00:00,194.0,204.0,50.0,1.1,161.0,4.0
2977735,fangshan_aq,2018-04-28 15:00:00,201.0,,49.0,1.2,194.0,6.0
2977736,daxing_aq,2018-04-28 15:00:00,215.0,279.0,34.0,0.9,185.0,10.0
2977737,yizhuang_aq,2018-04-28 15:00:00,180.0,218.0,68.0,1.3,149.0,4.0
2977738,tongzhou_aq,2018-04-28 15:00:00,174.0,248.0,90.0,1.2,106.0,11.0
2977739,shunyi_aq,2018-04-28 15:00:00,186.0,231.0,89.0,1.5,78.0,6.0
2977740,pingchang_aq,2018-04-28 15:00:00,129.0,188.0,24.0,0.8,157.0,6.0
2977741,mentougou_aq,2018-04-28 15:00:00,116.0,187.0,65.0,1.0,114.0,2.0
2977742,pinggu_aq,2018-04-28 15:00:00,155.0,,24.0,1.2,185.0,4.0
2977743,huairou_aq,2018-04-28 15:00:00,178.0,234.0,44.0,1.3,94.0,2.0
2977744,miyun_aq,2018-04-28 15:00:00,192.0,202.0,78.0,1.5,139.0,2.0
2977745,yanqin_aq,2018-04-28 15:00:00,144.0,188.0,39.0,0.9,162.0,7.0
2977746,dingling_aq,2018-04-28 15:00:00,118.0,151.0,38.0,0.9,124.0,2.0
2977747,badaling_aq,2018-04-28 15:00:00,131.0,250.0,147.0,0.9,64.0,3.0
2977748,miyunshuiku_aq,2018-04-28 15:00:00,151.0,,18.0,1.0,196.0,2.0
2977749,donggaocun_aq,2018-04-28 15:00:00,167.0,,20.0,1.1,214.0,11.0
2977750,yongledian_aq,2018-04-28 15:00:00,174.0,246.0,145.0,1.4,2.0,3.0
2977751,yufa_aq,2018-04-28 15:00:00,234.0,,43.0,1.2,167.0,8.0
2977752,liulihe_aq,2018-04-28 15:00:00,138.0,168.0,25.0,0.8,144.0,2.0
2977753,qianmen_aq,2018-04-28 15:00:00,204.0,277.0,67.0,1.3,161.0,14.0
2977754,yongdingmennei_aq,2018-04-28 15:00:00,210.0,268.0,114.0,1.6,178.0,15.0
2977755,xizhimenbei_aq,2018-04-28 15:00:00,245.0,255.0,72.0,1.2,157.0,9.0
2977756,nansanhuan_aq,2018-04-28 15:00:00,232.0,269.0,109.0,1.3,109.0,14.0
2977757,dongsihuan_aq,2018-04-28 15:00:00,223.0,246.0,164.0,1.6,77.0,15.0
2977799,dongsi_aq,2018-04-28 16:00:00,218.0,254.0,59.0,1.5,163.0,23.0
2977800,tiantan_aq,2018-04-28 16:00:00,207.0,227.0,56.0,1.4,112.0,5.0
2977801,guanyuan_aq,2018-04-28 16:00:00,231.0,251.0,90.0,1.3,105.0,9.0
2977802,wanshouxigong_aq,2018-04-28 16:00:00,212.0,292.0,48.0,1.5,130.0,6.0
2977803,aotizhongxin_aq,2018-04-28 16:00:00,207.0,229.0,52.0,1.1,154.0,7.0
2977804,nongzhanguan_aq,2018-04-28 16:00:00,204.0,261.0,63.0,1.5,135.0,13.0
2977805,wanliu_aq,2018-04-28 16:00:00,201.0,264.0,69.0,1.2,105.0,2.0
2977806,beibuxinqu_aq,2018-04-28 16:00:00,110.0,219.0,92.0,1.2,21.0,2.0
2977807,zhiwuyuan_aq,2018-04-28 16:00:00,,,,,,
2977808,fengtaihuayuan_aq,2018-04-28 16:00:00,244.0,288.0,77.0,1.4,132.0,10.0
2977809,yungang_aq,2018-04-28 16:00:00,195.0,207.0,33.0,1.1,151.0,4.0
2977810,gucheng_aq,2018-04-28 16:00:00,194.0,195.0,100.0,1.2,82.0,2.0
2977811,fangshan_aq,2018-04-28 16:00:00,204.0,,53.0,1.2,172.0,6.0
2977812,daxing_aq,2018-04-28 16:00:00,224.0,280.0,42.0,1.0,161.0,9.0
2977813,yizhuang_aq,2018-04-28 16:00:00,180.0,203.0,50.0,1.3,157.0,3.0
2977814,tongzhou_aq,2018-04-28 16:00:00,188.0,248.0,68.0,1.2,113.0,10.0
2977815,shunyi_aq,2018-04-28 16:00:00,217.0,,62.0,1.6,114.0,8.0
2977816,pingchang_aq,2018-04-28 16:00:00,132.0,165.0,20.0,0.8,150.0,5.0
2977817,mentougou_aq,2018-04-28 16:00:00,94.0,137.0,50.0,0.8,118.0,2.0
2977818,pinggu_aq,2018-04-28 16:00:00,167.0,,23.0,1.2,199.0,4.0
2977819,huairou_aq,2018-04-28 16:00:00,184.0,,25.0,1.0,115.0,2.0
2977820,miyun_aq,2018-04-28 16:00:00,189.0,,75.0,1.4,114.0,2.0
2977821,yanqin_aq,2018-04-28 16:00:00,140.0,195.0,61.0,0.9,115.0,5.0
2977822,dingling_aq,2018-04-28 16:00:00,119.0,140.0,37.0,0.9,119.0,2.0
2977823,badaling_aq,2018-04-28 16:00:00,127.0,297.0,179.0,0.9,2.0,5.0
2977824,miyunshuiku_aq,2018-04-28 16:00:00,160.0,,19.0,1.0,172.0,2.0
2977825,donggaocun_aq,2018-04-28 16:00:00,170.0,,19.0,1.0,247.0,12.0
2977826,yongledian_aq,2018-04-28 16:00:00,196.0,238.0,140.0,1.5,2.0,2.0
2977827,yufa_aq,2018-04-28 16:00:00,189.0,,33.0,1.0,157.0,12.0
2977828,liulihe_aq,2018-04-28 16:00:00,128.0,178.0,22.0,0.8,138.0,2.0
2977829,qianmen_aq,2018-04-28 16:00:00,225.0,270.0,75.0,1.4,130.0,14.0
2977830,yongdingmennei_aq,2018-04-28 16:00:00,218.0,259.0,118.0,1.7,139.0,15.0
2977831,xizhimenbei_aq,2018-04-28 16:00:00,261.0,263.0,74.0,1.4,111.0,8.0
2977832,nansanhuan_aq,2018-04-28 16:00:00,243.0,298.0,110.0,1.3,94.0,15.0
2977833,dongsihuan_aq,2018-04-28 16:00:00,248.0,324.0,186.0,1.7,25.0,17.0
2977834,dongsi_aq,2018-04-28 17:00:00,227.0,252.0,54.0,1.4,144.0,23.0
2977835,tiantan_aq,2018-04-28 17:00:00,204.0,228.0,55.0,1.3,72.0,4.0
2977836,guanyuan_aq,2018-04-28 17:00:00,240.0,258.0,122.0,1.4,54.0,8.0
2977837,wanshouxigong_aq,2018-04-28 17:00:00,219.0,258.0,52.0,1.6,83.0,4.0
2977838,aotizhongxin_aq,2018-04-28 17:00:00,212.0,214.0,103.0,1.2,63.0,4.0
2977839,nongzhanguan_aq,2018-04-28 17:00:00,208.0,270.0,56.0,1.5,111.0,8.0
2977840,wanliu_aq,2018-04-28 17:00:00,187.0,221.0,83.0,1.3,64.0,2.0
2977841,beibuxinqu_aq,2018-04-28 17:00:00,113.0,205.0,107.0,1.2,2.0,2.0
2977842,zhiwuyuan_aq,2018-04-28 17:00:00,,,,,,
2977843,fengtaihuayuan_aq,2018-04-28 17:00:00,248.0,296.0,70.0,1.4,109.0,9.0
2977844,yungang_aq,2018-04-28 17:00:00,180.0,196.0,26.0,1.1,162.0,5.0
2977845,gucheng_aq,2018-04-28 17:00:00,187.0,224.0,161.0,1.2,2.0,2.0
2977846,fangshan_aq,2018-04-28 17:00:00,211.0,,48.0,1.4,156.0,6.0
2977847,daxing_aq,2018-04-28 17:00:00,208.0,245.0,39.0,0.9,142.0,8.0
2977848,yizhuang_aq,2018-04-28 17:00:00,178.0,192.0,58.0,1.3,125.0,2.0
2977849,tongzhou_aq,2018-04-28 17:00:00,197.0,247.0,75.0,1.1,95.0,9.0
2977850,shunyi_aq,2018-04-28 17:00:00,229.0,,46.0,1.6,129.0,7.0
2977851,pingchang_aq,2018-04-28 17:00:00,133.0,164.0,18.0,0.8,143.0,4.0
2977852,mentougou_aq,2018-04-28 17:00:00,97.0,131.0,42.0,0.8,114.0,2.0
2977853,pinggu_aq,2018-04-28 17:00:00,173.0,,23.0,1.3,187.0,4.0
2977854,huairou_aq,2018-04-28 17:00:00,152.0,,20.0,0.9,119.0,2.0
2977855,miyun_aq,2018-04-28 17:00:00,178.0,,53.0,1.3,112.0,2.0
2977856,yanqin_aq,2018-04-28 17:00:00,152.0,194.0,49.0,1.0,117.0,4.0
2977857,dingling_aq,2018-04-28 17:00:00,131.0,202.0,36.0,0.9,114.0,2.0
2977858,badaling_aq,2018-04-28 17:00:00,123.0,254.0,168.0,0.8,8.0,4.0
2977859,miyunshuiku_aq,2018-04-28 17:00:00,162.0,,18.0,1.0,174.0,2.0
2977860,donggaocun_aq,2018-04-28 17:00:00,172.0,,19.0,1.1,201.0,14.0
2977861,yongledian_aq,2018-04-28 17:00:00,149.0,183.0,117.0,1.3,34.0,3.0
2977862,yufa_aq,2018-04-28 17:00:00,115.0,,28.0,0.7,116.0,14.0
2977863,liulihe_aq,2018-04-28 17:00:00,135.0,164.0,24.0,0.8,124.0,2.0
2977864,qianmen_aq,2018-04-28 17:00:00,236.0,316.0,94.0,1.4,92.0,14.0
2977865,yongdingmennei_aq,2018-04-28 17:00:00,231.0,259.0,183.0,1.7,64.0,12.0
2977866,xizhimenbei_aq,2018-04-28 17:00:00,262.0,,136.0,1.6,36.0,7.0
2977867,nansanhuan_aq,2018-04-28 17:00:00,260.0,316.0,116.0,1.3,54.0,11.0
2977868,dongsihuan_aq,2018-04-28 17:00:00,264.0,344.0,182.0,1.5,3.0,15.0
2977890,dongsi_aq,2018-04-28 18:00:00,231.0,258.0,60.0,1.4,109.0,16.0
2977891,tiantan_aq,2018-04-28 18:00:00,207.0,,49.0,1.3,34.0,3.0
2977892,guanyuan_aq,2018-04-28 18:00:00,224.0,,82.0,1.2,74.0,8.0
2977893,wanshouxigong_aq,2018-04-28 18:00:00,232.0,255.0,63.0,1.6,46.0,2.0
2977894,aotizhongxin_aq,2018-04-28 18:00:00,191.0,,135.0,1.0,11.0,3.0
2977895,nongzhanguan_aq,2018-04-28 18:00:00,209.0,252.0,77.0,1.5,68.0,5.0
2977896,wanliu_aq,2018-04-28 18:00:00,167.0,183.0,76.0,1.1,57.0,2.0
2977897,beibuxinqu_aq,2018-04-28 18:00:00,109.0,176.0,88.0,1.1,2.0,2.0
2977898,zhiwuyuan_aq,2018-04-28 18:00:00,,,,,,
2977899,fengtaihuayuan_aq,2018-04-28 18:00:00,260.0,287.0,94.0,1.5,64.0,8.0
2977900,yungang_aq,2018-04-28 18:00:00,169.0,193.0,37.0,1.1,123.0,3.0
2977901,gucheng_aq,2018-04-28 18:00:00,168.0,200.0,147.0,1.1,2.0,2.0
2977902,fangshan_aq,2018-04-28 18:00:00,219.0,,114.0,1.4,54.0,3.0
2977903,daxing_aq,2018-04-28 18:00:00,147.0,,42.0,0.6,87.0,10.0
2977904,yizhuang_aq,2018-04-28 18:00:00,151.0,,58.0,1.1,80.0,3.0
2977905,tongzhou_aq,2018-04-28 18:00:00,192.0,222.0,88.0,1.1,45.0,8.0
2977906,shunyi_aq,2018-04-28 18:00:00,212.0,,32.0,1.5,132.0,5.0
2977907,pingchang_aq,2018-04-28 18:00:00,134.0,152.0,51.0,0.8,104.0,3.0
2977908,mentougou_aq,2018-04-28 18:00:00,93.0,121.0,41.0,0.8,109.0,2.0
2977909,pinggu_aq,2018-04-28 18:00:00,174.0,,22.0,1.3,183.0,3.0
2977910,huairou_aq,2018-04-28 18:00:00,145.0,155.0,16.0,1.0,119.0,2.0
2977911,miyun_aq,2018-04-28 18:00:00,181.0,,58.0,1.2,94.0,2.0
2977912,yanqin_aq,2018-04-28 18:00:00,149.0,178.0,47.0,1.0,97.0,2.0
2977913,dingling_aq,2018-04-28 18:00:00,134.0,156.0,34.0,0.9,113.0,2.0
2977914,badaling_aq,2018-04-28 18:00:00,130.0,211.0,148.0,0.8,24.0,4.0
2977915,miyunshuiku_aq,2018-04-28 18:00:00,158.0,,19.0,1.0,147.0,2.0
2977916,donggaocun_aq,2018-04-28 18:00:00,202.0,,22.0,1.1,172.0,16.0
2977917,yongledian_aq,2018-04-28 18:00:00,130.0,160.0,134.0,1.2,3.0,2.0
2977918,yufa_aq,2018-04-28 18:00:00,78.0,,24.0,0.6,107.0,11.0
2977919,liulihe_aq,2018-04-28 18:00:00,160.0,268.0,59.0,1.0,72.0,2.0
2977920,qianmen_aq,2018-04-28 18:00:00,237.0,260.0,87.0,1.3,80.0,12.0
2977921,yongdingmennei_aq,2018-04-28 18:00:00,225.0,,249.0,1.7,7.0,10.0
2977922,xizhimenbei_aq,2018-04-28 18:00:00,228.0,,127.0,1.2,24.0,6.0
2977923,nansanhuan_aq,2018-04-28 18:00:00,267.0,320.0,112.0,1.2,45.0,8.0
2977924,dongsihuan_aq,2018-04-28 18:00:00,254.0,355.0,184.0,1.5,2.0,14.0
2977946,dongsi_aq,2018-04-28 19:00:00,224.0,,72.0,1.3,53.0,9.0
2977947,tiantan_aq,2018-04-28 19:00:00,210.0,,49.0,1.3,19.0,3.0
2977948,guanyuan_aq,2018-04-28 19:00:00,219.0,,83.0,1.2,42.0,7.0
2977949,wanshouxigong_aq,2018-04-28 19:00:00,230.0,235.0,54.0,1.6,41.0,2.0
2977950,aotizhongxin_aq,2018-04-28 19:00:00,174.0,,146.0,1.0,2.0,3.0
2977951,nongzhanguan_aq,2018-04-28 19:00:00,202.0,222.0,166.0,1.6,2.0,3.0
2977952,wanliu_aq,2018-04-28 19:00:00,182.0,208.0,89.0,1.0,39.0,2.0
2977953,beibuxinqu_aq,2018-04-28 19:00:00,104.0,183.0,83.0,1.2,2.0,2.0
2977954,zhiwuyuan_aq,2018-04-28 19:00:00,,,,,,
2977955,fengtaihuayuan_aq,2018-04-28 19:00:00,268.0,323.0,153.0,1.6,2.0,6.0
2977956,yungang_aq,2018-04-28 19:00:00,174.0,,32.0,1.0,122.0,3.0
2977957,gucheng_aq,2018-04-28 19:00:00,144.0,165.0,133.0,1.0,2.0,2.0
2977958,fangshan_aq,2018-04-28 19:00:00,225.0,,118.0,1.4,28.0,2.0
2977959,daxing_aq,2018-04-28 19:00:00,105.0,126.0,39.0,0.5,71.0,9.0
2977960,yizhuang_aq,2018-04-28 19:00:00,136.0,146.0,67.0,1.0,51.0,2.0
2977961,tongzhou_aq,2018-04-28 19:00:00,163.0,199.0,110.0,1.0,8.0,6.0
2977962,shunyi_aq,2018-04-28 19:00:00,219.0,,45.0,1.6,105.0,6.0
2977963,pingchang_aq,2018-04-28 19:00:00,145.0,160.0,81.0,0.8,61.0,3.0
2977964,mentougou_aq,2018-04-28 19:00:00,90.0,118.0,39.0,0.8,104.0,2.0
2977965,pinggu_aq,2018-04-28 19:00:00,172.0,,22.0,1.2,166.0,3.0
2977966,huairou_aq,2018-04-28 19:00:00,134.0,141.0,14.0,0.9,116.0,2.0
2977967,miyun_aq,2018-04-28 19:00:00,180.0,,46.0,1.2,105.0,2.0
2977968,yanqin_aq,2018-04-28 19:00:00,150.0,165.0,41.0,0.9,85.0,2.0
2977969,dingling_aq,2018-04-28 19:00:00,130.0,132.0,34.0,0.9,90.0,2.0
2977970,badaling_aq,2018-04-28 19:00:00,120.0,178.0,121.0,0.7,44.0,2.0
2977971,miyunshuiku_aq,2018-04-28 19:00:00,157.0,,18.0,1.0,128.0,2.0
2977972,donggaocun_aq,2018-04-28 19:00:00,81.0,,20.0,0.6,126.0,19.0
2977973,yongledian_aq,2018-04-28 19:00:00,86.0,125.0,96.0,1.1,26.0,3.0
2977974,yufa_aq,2018-04-28 19:00:00,58.0,,21.0,0.5,107.0,9.0
2977975,liulihe_aq,2018-04-28 19:00:00,212.0,318.0,64.0,1.4,57.0,2.0
2977976,qianmen_aq,2018-04-28 19:00:00,241.0,241.0,86.0,1.2,51.0,9.0
2977977,yongdingmennei_aq,2018-04-28 19:00:00,220.0,,232.0,1.6,2.0,10.0
2977978,xizhimenbei_aq,2018-04-28 19:00:00,246.0,,129.0,1.2,6.0,6.0
2977979,nansanhuan_aq,2018-04-28 19:00:00,250.0,300.0,103.0,1.1,26.0,7.0
2977980,dongsihuan_aq,2018-04-28 19:00:00,254.0,321.0,170.0,1.4,2.0,11.0
2978002,dongsi_aq,2018-04-28 20:00:00,222.0,244.0,75.0,1.3,39.0,8.0
2978003,tiantan_aq,2018-04-28 20:00:00,209.0,,46.0,1.2,7.0,3.0
2978004,guanyuan_aq,2018-04-28 20:00:00,227.0,,96.0,1.2,20.0,6.0
2978005,wanshouxigong_aq,2018-04-28 20:00:00,219.0,221.0,65.0,1.5,13.0,2.0
2978006,aotizhongxin_aq,2018-04-28 20:00:00,179.0,188.0,142.0,1.1,,2.0
2978007,nongzhanguan_aq,2018-04-28 20:00:00,197.0,233.0,163.0,1.5,2.0,2.0
2978008,wanliu_aq,2018-04-28 20:00:00,177.0,191.0,95.0,1.0,19.0,2.0
2978009,beibuxinqu_aq,2018-04-28 20:00:00,101.0,156.0,82.0,1.1,2.0,2.0
2978010,zhiwuyuan_aq,2018-04-28 20:00:00,,,,,,
2978011,fengtaihuayuan_aq,2018-04-28 20:00:00,276.0,306.0,119.0,1.5,8.0,5.0
2978012,yungang_aq,2018-04-28 20:00:00,151.0,155.0,32.0,0.9,88.0,2.0
2978013,gucheng_aq,2018-04-28 20:00:00,135.0,,123.0,0.9,3.0,2.0
2978014,fangshan_aq,2018-04-28 20:00:00,225.0,,130.0,1.3,5.0,2.0
2978015,daxing_aq,2018-04-28 20:00:00,100.0,121.0,34.0,0.5,63.0,7.0
2978016,yizhuang_aq,2018-04-28 20:00:00,120.0,,61.0,0.9,44.0,2.0
2978017,tongzhou_aq,2018-04-28 20:00:00,118.0,150.0,101.0,0.8,9.0,6.0
2978018,shunyi_aq,2018-04-28 20:00:00,236.0,,67.0,1.6,56.0,6.0
2978019,pingchang_aq,2018-04-28 20:00:00,149.0,157.0,27.0,0.8,109.0,2.0
2978020,mentougou_aq,2018-04-28 20:00:00,82.0,111.0,30.0,0.8,107.0,2.0
2978021,pinggu_aq,2018-04-28 20:00:00,166.0,,20.0,1.2,147.0,3.0
2978022,huairou_aq,2018-04-28 20:00:00,145.0,,13.0,1.0,111.0,2.0
2978023,miyun_aq,2018-04-28 20:00:00,179.0,,111.0,1.3,4.0,2.0
2978024,yanqin_aq,2018-04-28 20:00:00,140.0,153.0,39.0,0.8,76.0,2.0
2978025,dingling_aq,2018-04-28 20:00:00,138.0,,35.0,0.9,88.0,2.0
2978026,badaling_aq,2018-04-28 20:00:00,109.0,162.0,134.0,0.8,21.0,3.0
2978027,miyunshuiku_aq,2018-04-28 20:00:00,156.0,,15.0,1.0,118.0,2.0
2978028,donggaocun_aq,2018-04-28 20:00:00,71.0,85.0,21.0,0.6,108.0,16.0
2978029,yongledian_aq,2018-04-28 20:00:00,64.0,90.0,96.0,1.0,20.0,2.0
2978030,yufa_aq,2018-04-28 20:00:00,64.0,85.0,22.0,0.5,93.0,8.0
2978031,liulihe_aq,2018-04-28 20:00:00,224.0,337.0,85.0,1.3,14.0,2.0
2978032,qianmen_aq,2018-04-28 20:00:00,237.0,,106.0,1.5,15.0,8.0
2978033,yongdingmennei_aq,2018-04-28 20:00:00,215.0,,222.0,1.5,2.0,10.0
2978034,xizhimenbei_aq,2018-04-28 20:00:00,253.0,263.0,130.0,1.2,2.0,8.0
2978035,nansanhuan_aq,2018-04-28 20:00:00,217.0,307.0,122.0,1.1,2.0,8.0
2978036,dongsihuan_aq,2018-04-28 20:00:00,259.0,307.0,161.0,1.4,2.0,16.0
2978058,dongsi_aq,2018-04-28 21:00:00,216.0,,86.0,1.3,18.0,8.0
2978059,tiantan_aq,2018-04-28 21:00:00,163.0,,45.0,1.0,4.0,2.0
2978060,guanyuan_aq,2018-04-28 21:00:00,229.0,,99.0,1.2,7.0,5.0
2978061,wanshouxigong_aq,2018-04-28 21:00:00,163.0,,74.0,1.3,5.0,2.0
2978062,aotizhongxin_aq,2018-04-28 21:00:00,216.0,,125.0,1.2,2.0,2.0
2978063,nongzhanguan_aq,2018-04-28 21:00:00,159.0,,102.0,1.2,14.0,4.0
2978064,wanliu_aq,2018-04-28 21:00:00,161.0,169.0,104.0,0.9,5.0,2.0
2978065,beibuxinqu_aq,2018-04-28 21:00:00,98.0,158.0,78.0,1.1,2.0,2.0
2978066,zhiwuyuan_aq,2018-04-28 21:00:00,,,,,,
2978067,fengtaihuayuan_aq,2018-04-28 21:00:00,263.0,286.0,128.0,1.5,3.0,5.0
2978068,yungang_aq,2018-04-28 21:00:00,145.0,150.0,52.0,0.9,70.0,2.0
2978069,gucheng_aq,2018-04-28 21:00:00,137.0,197.0,131.0,0.9,2.0,2.0
2978070,fangshan_aq,2018-04-28 21:00:00,191.0,,103.0,1.2,10.0,2.0
2978071,daxing_aq,2018-04-28 21:00:00,80.0,98.0,49.0,0.4,32.0,4.0
2978072,yizhuang_aq,2018-04-28 21:00:00,77.0,,61.0,0.8,42.0,2.0
2978073,tongzhou_aq,2018-04-28 21:00:00,83.0,119.0,82.0,0.7,22.0,6.0
2978074,shunyi_aq,2018-04-28 21:00:00,225.0,,58.0,1.6,38.0,4.0
2978075,pingchang_aq,2018-04-28 21:00:00,160.0,,26.0,0.9,105.0,2.0
2978076,mentougou_aq,2018-04-28 21:00:00,83.0,109.0,31.0,0.8,105.0,2.0
2978077,pinggu_aq,2018-04-28 21:00:00,158.0,,21.0,1.2,135.0,3.0
2978078,huairou_aq,2018-04-28 21:00:00,146.0,,13.0,1.0,92.0,2.0
2978079,miyun_aq,2018-04-28 21:00:00,177.0,,75.0,1.2,34.0,2.0
2978080,yanqin_aq,2018-04-28 21:00:00,139.0,,34.0,0.8,76.0,2.0
2978081,dingling_aq,2018-04-28 21:00:00,143.0,,35.0,0.9,78.0,2.0
2978082,badaling_aq,2018-04-28 21:00:00,105.0,152.0,123.0,0.7,21.0,3.0
2978083,miyunshuiku_aq,2018-04-28 21:00:00,155.0,,14.0,1.0,120.0,2.0
2978084,donggaocun_aq,2018-04-28 21:00:00,93.0,94.0,23.0,0.7,89.0,13.0
2978085,yongledian_aq,2018-04-28 21:00:00,69.0,111.0,104.0,1.0,2.0,3.0
2978086,yufa_aq,2018-04-28 21:00:00,61.0,82.0,28.0,0.5,81.0,7.0
2978087,liulihe_aq,2018-04-28 21:00:00,211.0,295.0,80.0,1.2,2.0,2.0
2978088,qianmen_aq,2018-04-28 21:00:00,189.0,,119.0,1.5,2.0,10.0
2978089,yongdingmennei_aq,2018-04-28 21:00:00,126.0,,137.0,1.1,35.0,4.0
2978090,xizhimenbei_aq,2018-04-28 21:00:00,261.0,262.0,136.0,1.3,2.0,9.0
2978091,nansanhuan_aq,2018-04-28 21:00:00,100.0,207.0,84.0,0.7,25.0,8.0
2978092,dongsihuan_aq,2018-04-28 21:00:00,255.0,290.0,149.0,1.4,2.0,13.0
2978114,dongsi_aq,2018-04-28 22:00:00,152.0,,75.0,1.1,23.0,10.0
2978115,tiantan_aq,2018-04-28 22:00:00,91.0,,40.0,0.8,10.0,2.0
2978116,guanyuan_aq,2018-04-28 22:00:00,224.0,,105.0,1.3,4.0,4.0
2978117,wanshouxigong_aq,2018-04-28 22:00:00,83.0,,60.0,1.0,14.0,2.0
2978118,aotizhongxin_aq,2018-04-28 22:00:00,223.0,,104.0,1.2,3.0,2.0
2978119,nongzhanguan_aq,2018-04-28 22:00:00,100.0,,80.0,1.0,28.0,7.0
2978120,wanliu_aq,2018-04-28 22:00:00,156.0,171.0,106.0,0.9,7.0,2.0
2978121,beibuxinqu_aq,2018-04-28 22:00:00,105.0,169.0,75.0,1.1,2.0,2.0
2978122,zhiwuyuan_aq,2018-04-28 22:00:00,,,,,,
2978123,fengtaihuayuan_aq,2018-04-28 22:00:00,179.0,188.0,116.0,1.3,2.0,5.0
2978124,yungang_aq,2018-04-28 22:00:00,116.0,137.0,43.0,0.9,72.0,2.0
2978125,gucheng_aq,2018-04-28 22:00:00,130.0,157.0,106.0,0.9,17.0,2.0
2978126,fangshan_aq,2018-04-28 22:00:00,167.0,,113.0,1.2,2.0,2.0
2978127,daxing_aq,2018-04-28 22:00:00,65.0,80.0,68.0,0.4,15.0,3.0
2978128,yizhuang_aq,2018-04-28 22:00:00,54.0,72.0,53.0,0.7,48.0,2.0
2978129,tongzhou_aq,2018-04-28 22:00:00,76.0,123.0,81.0,0.7,17.0,6.0
2978130,shunyi_aq,2018-04-28 22:00:00,212.0,,55.0,1.5,28.0,3.0
2978131,pingchang_aq,2018-04-28 22:00:00,163.0,,34.0,0.9,86.0,2.0
2978132,mentougou_aq,2018-04-28 22:00:00,87.0,111.0,30.0,0.8,105.0,2.0
2978133,pinggu_aq,2018-04-28 22:00:00,159.0,,23.0,1.1,104.0,3.0
2978134,huairou_aq,2018-04-28 22:00:00,149.0,,16.0,1.0,69.0,2.0
2978135,miyun_aq,2018-04-28 22:00:00,173.0,,56.0,1.2,57.0,2.0
2978136,yanqin_aq,2018-04-28 22:00:00,135.0,,40.0,0.8,60.0,2.0
2978137,dingling_aq,2018-04-28 22:00:00,154.0,,38.0,1.0,61.0,2.0
2978138,badaling_aq,2018-04-28 22:00:00,96.0,131.0,108.0,0.7,23.0,2.0
2978139,miyunshuiku_aq,2018-04-28 22:00:00,156.0,,12.0,1.0,104.0,2.0
2978140,donggaocun_aq,2018-04-28 22:00:00,108.0,,26.0,0.8,79.0,11.0
2978141,yongledian_aq,2018-04-28 22:00:00,73.0,115.0,95.0,1.0,6.0,4.0
2978142,yufa_aq,2018-04-28 22:00:00,60.0,87.0,32.0,0.5,71.0,6.0
2978143,liulihe_aq,2018-04-28 22:00:00,171.0,225.0,68.0,1.1,8.0,2.0
2978144,qianmen_aq,2018-04-28 22:00:00,91.0,,103.0,1.0,20.0,14.0
2978145,yongdingmennei_aq,2018-04-28 22:00:00,66.0,111.0,132.0,1.0,14.0,12.0
2978146,xizhimenbei_aq,2018-04-28 22:00:00,256.0,280.0,137.0,1.4,2.0,9.0
2978147,nansanhuan_aq,2018-04-28 22:00:00,46.0,105.0,85.0,0.6,19.0,8.0
2978148,dongsihuan_aq,2018-04-28 22:00:00,242.0,382.0,141.0,1.4,2.0,14.0
2978170,dongsi_aq,2018-04-28 23:00:00,194.0,237.0,112.0,1.4,9.0,7.0
2978171,tiantan_aq,2018-04-28 23:00:00,79.0,115.0,41.0,0.7,7.0,2.0
2978172,guanyuan_aq,2018-04-28 23:00:00,225.0,,118.0,1.3,7.0,6.0
2978173,wanshouxigong_aq,2018-04-28 23:00:00,65.0,69.0,47.0,0.9,28.0,3.0
2978174,aotizhongxin_aq,2018-04-28 23:00:00,226.0,,97.0,1.3,10.0,2.0
2978175,nongzhanguan_aq,2018-04-28 23:00:00,171.0,250.0,135.0,1.3,2.0,5.0
2978176,wanliu_aq,2018-04-28 23:00:00,159.0,175.0,109.0,0.9,15.0,2.0
2978177,beibuxinqu_aq,2018-04-28 23:00:00,103.0,212.0,68.0,1.2,3.0,2.0
2978178,zhiwuyuan_aq,2018-04-28 23:00:00,,,,,,
2978179,fengtaihuayuan_aq,2018-04-28 23:00:00,111.0,113.0,98.0,1.0,6.0,8.0
2978180,yungang_aq,2018-04-28 23:00:00,134.0,187.0,42.0,0.9,56.0,2.0
2978181,gucheng_aq,2018-04-28 23:00:00,123.0,132.0,59.0,0.8,74.0,2.0
2978182,fangshan_aq,2018-04-28 23:00:00,126.0,,103.0,1.0,10.0,2.0
2978183,daxing_aq,2018-04-28 23:00:00,62.0,96.0,76.0,0.4,16.0,5.0
2978184,yizhuang_aq,2018-04-28 23:00:00,51.0,87.0,66.0,0.7,38.0,2.0
2978185,tongzhou_aq,2018-04-28 23:00:00,99.0,163.0,80.0,0.9,9.0,5.0
2978186,shunyi_aq,2018-04-28 23:00:00,192.0,,59.0,1.4,25.0,4.0
2978187,pingchang_aq,2018-04-28 23:00:00,170.0,176.0,51.0,0.9,53.0,2.0
2978188,mentougou_aq,2018-04-28 23:00:00,88.0,111.0,35.0,0.8,91.0,2.0
2978189,pinggu_aq,2018-04-28 23:00:00,150.0,,27.0,1.1,92.0,4.0
2978190,huairou_aq,2018-04-28 23:00:00,150.0,,18.0,1.0,56.0,2.0
2978191,miyun_aq,2018-04-28 23:00:00,183.0,,65.0,1.4,36.0,2.0
2978192,yanqin_aq,2018-04-28 23:00:00,143.0,154.0,61.0,0.8,30.0,2.0
2978193,dingling_aq,2018-04-28 23:00:00,160.0,160.0,42.0,1.0,70.0,2.0
2978194,badaling_aq,2018-04-28 23:00:00,93.0,137.0,84.0,0.7,38.0,2.0
2978195,miyunshuiku_aq,2018-04-28 23:00:00,158.0,,11.0,1.0,84.0,2.0
2978196,donggaocun_aq,2018-04-28 23:00:00,93.0,,27.0,0.7,79.0,13.0
2978197,yongledian_aq,2018-04-28 23:00:00,69.0,120.0,80.0,1.0,22.0,3.0
2978198,yufa_aq,2018-04-28 23:00:00,67.0,105.0,37.0,0.5,49.0,5.0
2978199,liulihe_aq,2018-04-28 23:00:00,203.0,348.0,82.0,1.1,9.0,2.0
2978200,qianmen_aq,2018-04-28 23:00:00,74.0,128.0,108.0,0.9,9.0,13.0
2978201,yongdingmennei_aq,2018-04-28 23:00:00,75.0,128.0,142.0,1.1,2.0,11.0
2978202,xizhimenbei_aq,2018-04-28 23:00:00,255.0,259.0,135.0,1.4,2.0,8.0
2978203,nansanhuan_aq,2018-04-28 23:00:00,58.0,150.0,116.0,1.0,2.0,12.0
2978204,dongsihuan_aq,2018-04-28 23:00:00,200.0,310.0,128.0,1.4,2.0,12.0
